USE Student
GO

INSERT INTO S
( 
 [Sno], [Sname], [Sage],[Ssex],[Sdept]
)
VALUES
('16010001','赵青江',	18,	'男',	'CS'),
('16010002','张丽萍',	19,	'女',	'CS'),
('16020043','陈景欢',	20,	'男',	'DA'),
('16020057','陈婷婷',	19,	'女',	'DA'),
('16030066','李军',	    19,	'女',	'EA'),
('16030023','李凌',	    20,	'男',	'EA'),
('16040011','李思远',	20,	'男',	'EA'),
('16040014','李一帆',	19,	'男',	'EA'),
('16050035','林超',     20,	'男',	'DA'),
('16050067','杨佳辉',	20,	'男',	'DA')
GO
INSERT INTO C
(
    [Cno],[Cname],[Cpno],[Ccredit]
)
VALUES
('1','高等数学'	,'必修',	4),
('2','线性代数'	,'必修'	,2.5),
('3','高级语言程序设计'	,'选修'	,2),
('4','人工智能'	,'选修',2),
('5','自控原理','选修',	2),
('6','数据库原理及应用','选修',2.5),
('7','计算机网络与通信','选修',2)

GO
INSERT INTO SC
(
    [Sno],[Cno],[Grade]
)
VALUES
('16010001',	'1',	'87'),
('16010001',	'2',	'85'),
('16010001',	'3',	'80'),
('16010001',	'4',	'87'),
('16010001',	'6',	'75'),
('16010002',	'1',	'52'),
('16010002',	'2',	'77'),
('16010002',	'6',	 NULL),
('16010002',	'7',	'45'),
('16020043',	'1',	'84'),
('16020043',	'2',	'72'),
('16020043',	'4',	'67'),
('16020043',	'5',	'81'),
('16020057',	'1',	'64'),
('16020057',	'2',	'73'),
('16020057',	'4',	'74'),
('16020057',	'6',	'76'),
('16030066',	'1',	'82'),
('16030066',	'2',	'85'),
('16030066',	'3',	'90'),
('16030066',	'5',	'86'),
('16030066',	'7',	'80'),
('16030023',	'1',	'50'),
('16030023',	'2',	'55'),
('16030023',	'3',	'62'),
('16030023',	'5',	'64'),
('16030023',	'7',	'70'),
('16040011',	'1',	'64'),
('16040011',	'2',	'75'),
('16040011',	'3',	'80'),
('16040011',	'4',	'75'),
('16040011',	'5',	'77'),
('16040014',	'1',	'53'),
('16040014',	'2',	'62'),
('16040014',	'3',	'67'),
('16040014',	'4',	'66'),
('16040014',	'5',	'79'),
('16040014',	'6',	'77'),
('16050035',	'1',	'89'),
('16050035',	'2',	'92'),
('16050035',	'3',	'88'),
('16050035',	'7',	'89'),
('16050067',	'1',	'76'),
('16050067',	'2',	'80'),
('16050067',	'4',	'84'),
('16050067',	'5',	'83'),
('16050067',	'7',	'85')
